<?xml version="1.0" encoding="UTF-8" ?>
<!DOCTYPE mapper PUBLIC "-//mybatis.org//DTD Mapper 3.0//EN" "http://mybatis.org/dtd/mybatis-3-mapper.dtd" >
<mapper namespace="com.offcn.project.mapper.TProjectImagesMapper" >
  <resultMap id="BaseResultMap" type="com.offcn.project.po.TProjectImages" >
    <id column="id" property="id" jdbcType="INTEGER" />
    <result column="projectid" property="projectid" jdbcType="INTEGER" />
    <result column="imgurl" property="imgurl" jdbcType="VARCHAR" />
    <result column="imgtype" property="imgtype" jdbcType="TINYINT" />
  </resultMap>
  <sql id="Example_Where_Clause" >
    <where >
      <foreach collection="oredCriteria" item="criteria" separator="or" >
        <if test="criteria.valid" >
          <trim prefix="(" suffix=")" prefixOverrides="and" >
            <foreach collection="criteria.criteria" item="criterion" >
              <choose >
                <when test="criterion.noValue" >
                  and ${criterion.condition}
                </when>
                <when test="criterion.singleValue" >
                  and ${criterion.condition} #{criterion.value}
                </when>
                <when test="criterion.betweenValue" >
                  and ${criterion.condition} #{criterion.value} and #{criterion.secondValue}
                </when>
                <when test="criterion.listValue" >
                  and ${criterion.condition}
                  <foreach collection="criterion.value" item="listItem" open="(" close=")" separator="," >
                    #{listItem}
                  </foreach>
                </when>
              </choose>
            </foreach>
          </trim>
        </if>
      </foreach>
    </where>
  </sql>
  <sql id="Update_By_Example_Where_Clause" >
    <where >
      <foreach collection="example.oredCriteria" item="criteria" separator="or" >
        <if test="criteria.valid" >
          <trim prefix="(" suffix=")" prefixOverrides="and" >
            <foreach collection="criteria.criteria" item="criterion" >
              <choose >
                <when test="criterion.noValue" >
                  and ${criterion.condition}
                </when>
                <when test="criterion.singleValue" >
                  and ${criterion.condition} #{criterion.value}
                </when>
                <when test="criterion.betweenValue" >
                  and ${criterion.condition} #{criterion.value} and #{criterion.secondValue}
                </when>
                <when test="criterion.listValue" >
                  and ${criterion.condition}
                  <foreach collection="criterion.value" item="listItem" open="(" close=")" separator="," >
                    #{listItem}
                  </foreach>
                </when>
              </choose>
            </foreach>
          </trim>
        </if>
      </foreach>
    </where>
  </sql>
  <sql id="Base_Column_List" >
    id, projectid, imgurl, imgtype
  </sql>
  <select id="selectByExample" resultMap="BaseResultMap" parameterType="com.offcn.project.po.TProjectImagesExample" >
    select
    <if test="distinct" >
      distinct
    </if>
    <include refid="Base_Column_List" />
    from t_project_images
    <if test="_parameter != null" >
      <include refid="Example_Where_Clause" />
    </if>
    <if test="orderByClause != null" >
      order by ${orderByClause}
    </if>
  </select>
  <select id="selectByPrimaryKey" resultMap="BaseResultMap" parameterType="java.lang.Integer" >
    select 
    <include refid="Base_Column_List" />
    from t_project_images
    where id = #{id,jdbcType=INTEGER}
  </select>
  <delete id="deleteByPrimaryKey" parameterType="java.lang.Integer" >
    delete from t_project_images
    where id = #{id,jdbcType=INTEGER}
  </delete>
  <delete id="deleteByExample" parameterType="com.offcn.project.po.TProjectImagesExample" >
    delete from t_project_images
    <if test="_parameter != null" >
      <include refid="Example_Where_Clause" />
    </if>
  </delete>
  <insert id="insert" parameterType="com.offcn.project.po.TProjectImages" >
    insert into t_project_images (id, projectid, imgurl, 
      imgtype)
    values (#{id,jdbcType=INTEGER}, #{projectid,jdbcType=INTEGER}, #{imgurl,jdbcType=VARCHAR}, 
      #{imgtype,jdbcType=TINYINT})
  </insert>
  <insert id="insertSelective" parameterType="com.offcn.project.po.TProjectImages" >
    insert into t_project_images
    <trim prefix="(" suffix=")" suffixOverrides="," >
      <if test="id != null" >
        id,
      </if>
      <if test="projectid != null" >
        projectid,
      </if>
      <if test="imgurl != null" >
        imgurl,
      </if>
      <if test="imgtype != null" >
        imgtype,
      </if>
    </trim>
    <trim prefix="values (" suffix=")" suffixOverrides="," >
      <if test="id != null" >
        #{id,jdbcType=INTEGER},
      </if>
      <if test="projectid != null" >
        #{projectid,jdbcType=INTEGER},
      </if>
      <if test="imgurl != null" >
        #{imgurl,jdbcType=VARCHAR},
      </if>
      <if test="imgtype != null" >
        #{imgtype,jdbcType=TINYINT},
      </if>
    </trim>
  </insert>
  <select id="countByExample" parameterType="com.offcn.project.po.TProjectImagesExample" resultType="java.lang.Integer" >
    select count(*) from t_project_images
    <if test="_parameter != null" >
      <include refid="Example_Where_Clause" />
    </if>
  </select>
  <update id="updateByExampleSelective" parameterType="map" >
    update t_project_images
    <set >
      <if test="record.id != null" >
        id = #{record.id,jdbcType=INTEGER},
      </if>
      <if test="record.projectid != null" >
        projectid = #{record.projectid,jdbcType=INTEGER},
      </if>
      <if test="record.imgurl != null" >
        imgurl = #{record.imgurl,jdbcType=VARCHAR},
      </if>
      <if test="record.imgtype != null" >
        imgtype = #{record.imgtype,jdbcType=TINYINT},
      </if>
    </set>
    <if test="_parameter != null" >
      <include refid="Update_By_Example_Where_Clause" />
    </if>
  </update>
  <update id="updateByExample" parameterType="map" >
    update t_project_images
    set id = #{record.id,jdbcType=INTEGER},
      projectid = #{record.projectid,jdbcType=INTEGER},
      imgurl = #{record.imgurl,jdbcType=VARCHAR},
      imgtype = #{record.imgtype,jdbcType=TINYINT}
    <if test="_parameter != null" >
      <include refid="Update_By_Example_Where_Clause" />
    </if>
  </update>
  <update id="updateByPrimaryKeySelective" parameterType="com.offcn.project.po.TProjectImages" >
    update t_project_images
    <set >
      <if test="projectid != null" >
        projectid = #{projectid,jdbcType=INTEGER},
      </if>
      <if test="imgurl != null" >
        imgurl = #{imgurl,jdbcType=VARCHAR},
      </if>
      <if test="imgtype != null" >
        imgtype = #{imgtype,jdbcType=TINYINT},
      </if>
    </set>
    where id = #{id,jdbcType=INTEGER}
  </update>
  <update id="updateByPrimaryKey" parameterType="com.offcn.project.po.TProjectImages" >
    update t_project_images
    set projectid = #{projectid,jdbcType=INTEGER},
      imgurl = #{imgurl,jdbcType=VARCHAR},
      imgtype = #{imgtype,jdbcType=TINYINT}
    where id = #{id,jdbcType=INTEGER}
  </update>
</mapper>