<?xml version="1.0" encoding="UTF-8"?>
<!DOCTYPE generatorConfiguration
		PUBLIC "-//mybatis.org//DTD MyBatis Generator Configuration 1.0//EN"
		"http://mybatis.org/dtd/mybatis-generator-config_1_0.dtd">

<generatorConfiguration>
	<context id="testTables" targetRuntime="MyBatis3">
		<!-- 配置生成pojo的序列化的插件  -->
		<plugin type="org.mybatis.generator.plugins.SerializablePlugin" />

		<commentGenerator>
			<!-- 是否去除自动生成的注释 true：是 ： false:否 -->
			<property name="suppressAllComments" value="true" />
		</commentGenerator>
		<!--数据库连接的信息：驱动类、连接地址、用户名、密码 -->
		<jdbcConnection driverClass="com.mysql.jdbc.Driver"
						connectionURL="jdbc:mysql://localhost:3306/you_crowdfunding" userId="root"
						password="root">
		</jdbcConnection>
		<!-- <jdbcConnection driverClass="oracle.jdbc.OracleDriver"
			connectionURL="jdbc:oracle:thin:@127.0.0.1:1521:yycg" 
			userId="yycg"
			password="yycg">
		</jdbcConnection> -->

		<!-- 默认false，把JDBC DECIMAL 和 NUMERIC 类型解析为 Integer，为 true时把JDBC DECIMAL 和 
			NUMERIC 类型解析为java.math.BigDecimal -->
		<javaTypeResolver>
			<property name="forceBigDecimals" value="false" />
		</javaTypeResolver>

		<!-- targetProject:生成PO类的位置 -->
		<javaModelGenerator targetPackage="com.offcn.project.po"
							targetProject=".\src">
			<!-- enableSubPackages:是否让schema作为包的后缀 -->
			<property name="enableSubPackages" value="false" />
			<!-- 从数据库返回的值被清理前后的空格 -->
			<property name="trimStrings" value="true" />
		</javaModelGenerator>
		<!-- targetProject:mapper映射文件生成的位置 -->
		<sqlMapGenerator targetPackage="com.offcn.project.mapper"
						 targetProject=".\resource">
			<!-- enableSubPackages:是否让schema作为包的后缀 -->
			<property name="enableSubPackages" value="false" />
		</sqlMapGenerator>
		<!-- targetPackage：mapper接口生成的位置 -->
		<javaClientGenerator type="XMLMAPPER"
							 targetPackage="com.offcn.project.mapper"
							 targetProject=".\src">
			<!-- enableSubPackages:是否让schema作为包的后缀 -->
			<property name="enableSubPackages" value="false" />
		</javaClientGenerator>
		<!-- 指定数据库表 -->
		<table tableName="t_project_images"></table>
		<table tableName="t_project"></table>
		<table tableName="t_project_tag"></table>
		<table tableName="t_project_type"></table>
		<table tableName="t_member_project_follow"></table>
		<table tableName="t_type"></table>
		<table tableName="t_tag"></table>
		<table tableName="t_return"></table>
		<table tableName="t_project_initiator"></table>
		<!--<table schema="" tableName="tb_areas"-->
			   <!--enableCountByExample="true"-->
			   <!--enableUpdateByExample="true"-->
			   <!--enableDeleteByExample="true"-->
			   <!--enableSelectByExample="true"-->
			   <!--selectByExampleQueryId="true"></table>-->
		<!--<table schema="" tableName="tb_brand"-->
			   <!--enableCountByExample="true"-->
			   <!--enableUpdateByExample="true"-->
			   <!--enableDeleteByExample="true"-->
			   <!--enableSelectByExample="true"-->
			   <!--selectByExampleQueryId="true"></table>-->
		<!--<table schema="" tableName="tb_cities"-->
			   <!--enableCountByExample="true"-->
			   <!--enableUpdateByExample="true"-->
			   <!--enableDeleteByExample="true"-->
			   <!--enableSelectByExample="true"-->
			   <!--selectByExampleQueryId="true"></table>-->
		<!--<table schema="" tableName="tb_content"-->
			   <!--enableCountByExample="true"-->
			   <!--enableUpdateByExample="true"-->
			   <!--enableDeleteByExample="true"-->
			   <!--enableSelectByExample="true"-->
			   <!--selectByExampleQueryId="true"></table>-->
		<!--<table schema="" tableName="tb_content_category"-->
			   <!--enableCountByExample="true"-->
			   <!--enableUpdateByExample="true"-->
			   <!--enableDeleteByExample="true"-->
			   <!--enableSelectByExample="true"-->
			   <!--selectByExampleQueryId="true"></table>-->
		<!--<table schema="" tableName="tb_freight_template"-->
			   <!--enableCountByExample="true"-->
			   <!--enableUpdateByExample="true"-->
			   <!--enableDeleteByExample="true"-->
			   <!--enableSelectByExample="true"-->
			   <!--selectByExampleQueryId="true"></table>-->
		<!--<table schema="" tableName="tb_goods"-->
			   <!--enableCountByExample="true"-->
			   <!--enableUpdateByExample="true"-->
			   <!--enableDeleteByExample="true"-->
			   <!--enableSelectByExample="true"-->
			   <!--selectByExampleQueryId="true"></table>-->
		<!--<table schema="" tableName="tb_goods_desc"-->
			   <!--enableCountByExample="true"-->
			   <!--enableUpdateByExample="true"-->
			   <!--enableDeleteByExample="true"-->
			   <!--enableSelectByExample="true"-->
			   <!--selectByExampleQueryId="true"></table>-->
		<!--<table schema="" tableName="tb_item"-->
			   <!--enableCountByExample="true"-->
			   <!--enableUpdateByExample="true"-->
			   <!--enableDeleteByExample="true"-->
			   <!--enableSelectByExample="true"-->
			   <!--selectByExampleQueryId="true"></table>-->
		<!--<table schema="" tableName="tb_item_cat"-->
			   <!--enableCountByExample="true"-->
			   <!--enableUpdateByExample="true"-->
			   <!--enableDeleteByExample="true"-->
			   <!--enableSelectByExample="true"-->
			   <!--selectByExampleQueryId="true"></table>-->
		<!--<table schema="" tableName="tb_item_spec_option"-->
			   <!--enableCountByExample="true"-->
			   <!--enableUpdateByExample="true"-->
			   <!--enableDeleteByExample="true"-->
			   <!--enableSelectByExample="true"-->
			   <!--selectByExampleQueryId="true"></table>-->
		<!--<table schema="" tableName="tb_order"-->
			   <!--enableCountByExample="true"-->
			   <!--enableUpdateByExample="true"-->
			   <!--enableDeleteByExample="true"-->
			   <!--enableSelectByExample="true"-->
			   <!--selectByExampleQueryId="true"></table>-->
		<!--<table schema="" tableName="tb_order_item"-->
			   <!--enableCountByExample="true"-->
			   <!--enableUpdateByExample="true"-->
			   <!--enableDeleteByExample="true"-->
			   <!--enableSelectByExample="true"-->
			   <!--selectByExampleQueryId="true"></table>-->
		<!--<table schema="" tableName="tb_pay_log"-->
			   <!--enableCountByExample="true"-->
			   <!--enableUpdateByExample="true"-->
			   <!--enableDeleteByExample="true"-->
			   <!--enableSelectByExample="true"-->
			   <!--selectByExampleQueryId="true"></table>-->
		<!--<table schema="" tableName="tb_provinces"-->
			   <!--enableCountByExample="true"-->
			   <!--enableUpdateByExample="true"-->
			   <!--enableDeleteByExample="true"-->
			   <!--enableSelectByExample="true"-->
			   <!--selectByExampleQueryId="true"></table>-->
		<!--<table schema="" tableName="tb_seller"-->
			   <!--enableCountByExample="true"-->
			   <!--enableUpdateByExample="true"-->
			   <!--enableDeleteByExample="true"-->
			   <!--enableSelectByExample="true"-->
			   <!--selectByExampleQueryId="true"></table>-->
		<!--<table schema="" tableName="tb_specification"-->
			   <!--enableCountByExample="true"-->
			   <!--enableUpdateByExample="true"-->
			   <!--enableDeleteByExample="true"-->
			   <!--enableSelectByExample="true"-->
			   <!--selectByExampleQueryId="true"></table>-->
		<!--<table schema="" tableName="tb_specification_option"-->
			   <!--enableCountByExample="true"-->
			   <!--enableUpdateByExample="true"-->
			   <!--enableDeleteByExample="true"-->
			   <!--enableSelectByExample="true"-->
			   <!--selectByExampleQueryId="true"></table>-->
		<!--<table schema="" tableName="tb_type_template"-->
			   <!--enableCountByExample="true"-->
			   <!--enableUpdateByExample="true"-->
			   <!--enableDeleteByExample="true"-->
			   <!--enableSelectByExample="true"-->
			   <!--selectByExampleQueryId="true"></table>-->
		<!--<table schema="" tableName="tb_user"-->
			   <!--enableCountByExample="true"-->
			   <!--enableUpdateByExample="true"-->
			   <!--enableDeleteByExample="true"-->
			   <!--enableSelectByExample="true"-->
			   <!--selectByExampleQueryId="true"></table>-->
		<!--<table schema="" tableName="tb_seckill_goods"-->
			   <!--enableCountByExample="true"-->
			   <!--enableUpdateByExample="true"-->
			   <!--enableDeleteByExample="true"-->
			   <!--enableSelectByExample="true"-->
			   <!--selectByExampleQueryId="true"></table>-->
		<!--<table schema="" tableName="tb_seckill_order"-->
			   <!--enableCountByExample="true"-->
			   <!--enableUpdateByExample="true"-->
			   <!--enableDeleteByExample="true"-->
			   <!--enableSelectByExample="true"-->
			   <!--selectByExampleQueryId="true"></table>-->

		<!-- 有些表的字段需要指定java类型
		<table schema="" tableName="">
			<columnOverride column="" javaType="" />
		</table> -->
	</context>
</generatorConfiguration>
